<wpml-config>
	<admin-texts>
		<key name="theme_mods_kandinsky*">
			<key name="knd_hero_image_support_title" />
			<key name="knd_hero_image_support_text" />
			<key name="knd_hero_image_support_button_caption" />
			<key name="subtitle_org" />
			<key name="subtitle_slogan" />
			<key name="home-subtitle-col1-title" />
			<key name="home-subtitle-col1-content" />
			<key name="home-subtitle-col1-link-text" />
			<key name="home-subtitle-col1-link-url" />
			<key name="home-subtitle-col2-title" />
			<key name="home-subtitle-col2-content" />
			<key name="home-subtitle-col2-link-text" />
			<key name="home-subtitle-col2-link-url" />
			<key name="home-subtitle-col3-title" />
			<key name="home-subtitle-col3-content" />
			<key name="home-subtitle-col3-link-text" />
			<key name="home-subtitle-col3-link-url" />
			<key name="cta-title" />
			<key name="cta-description" />
			<key name="cta-button-caption" />
			<key name="cta-url" />
			<key name="knd_social_links_vk" />
			<key name="knd_social_links_ok" />
			<key name="knd_social_links_facebook" />
			<key name="knd_social_links_instagram" />
			<key name="knd_social_links_twitter" />
			<key name="knd_social_links_telegram" />
			<key name="knd_social_links_youtube" />
			<key name="knd_hero_image_support_url" />
			<key name="knd_url_pd_policy" />
			<key name="knd_url_privacy_policy" />
			<key name="knd_url_public_oferta" />
			<key name="text_in_header" />
			<key name="header_email" />
			<key name="header_phone" />
			<key name="header_address" />
			<key name="header_custom_text" />
			<key name="knd_header_social_instagram" />
			<key name="knd_header_social_twitter" />
			<key name="knd_header_social_telegram" />
			<key name="knd_header_social_youtube" />
			<key name="header_additional_button_text" />
			<key name="header_logo_text" />
		</key>
	</admin-texts>
</wpml-config>