﻿Title,Content,Slug,Parent,Thumbnail,Menu order,Term Slug
"Миранчук Ольга Геннадьевна","<p>Генеральный директор</p>",miranchuk-olga-gennadevna,,https://ngo2.ru/kandinsky-files/person-001.jpg,0,team
"Кокорина Марина Игнатьевна","<p>Куртор проектов</p>",kokorina-marina-ignatevna,,https://ngo2.ru/kandinsky-files/person-002.jpg,0,team
"Глушакова Алиса Павловна","<p>Главный бухгалтер</p>",glushakova-alisa-pavlovna,,https://ngo2.ru/kandinsky-files/person-003.jpg,0,team
"Ребров Потап Никитич","<p>Инструктор по физической подготовке</p>",rebrov-potap-nikitich,,https://ngo2.ru/kandinsky-files/person-004.jpg,0,team
"Васина Елена Андреевна","<p>Психолог</p>",vasina-elena-andreevna,,https://ngo2.ru/kandinsky-files/person-005.jpg,0,team
